twitter_screen_name,nr_friends,tweets_by_target,Affiliation,,,,,Human Rights Watch,,AFP,al Jazeera,BBC,Bloomberg News,CNN,New York Times,Thomson Reuters,Wall Street Journal,Miscellaneous,Independent journalist,Amnesty International,CPJ,Le Réseau des Journalistes pour les Droits de l'Homme,Doctors without Borders,R2P,Enough Project,Mines Action Canada,Miscellaneous,Academic,"Other (incl. Think Tank, Consultancy)",European Union (i.e. Council of Europe or EU Humanitarian Aid),IOM,NATO,OSCE,general,UNICEF,UNHCR,OCHA,WFP,UNDP,FAO,Miscellaneous,"Official accounts (incl. Governments, Ministries, Parliaments, Embassies, Diplomatic Missions)",Politicians,Miscellaneous
,,,,,,,,,,,,,,,,,,,,,,,,,,,,,,,,,,,,,,,,,,,,
Total,,,,,,288,,19,,3,5,4,2,4,3,3,2,22,30,9,4,2,2,3,2,2,36,16,16,3,3,1,1,4,5,10,3,5,5,2,8,4,16,29
,,,,,,,,,,,,,,,,,,,,,,,,,,,,,,,,,,,,,,,,,,,,
JKFreeSpirit,298,1,-,2,nsa-domestic-spying-best,1,,,,,,,,,,,,,,,,,,,,,,,,,,,,,,,,,,,,,,1
tinea10,179,19,-,17,car-rca,1,,,,,,,,,,,,,,,,,,,,,,,,,,,,,,,,,,,,,,1
naijama,314,8,-,8,boko-haram-experts|nigeria,1,,,,,,,,,,,,,,,,,,,,,,,,,,,,,,,,,,,,,,1
evronia,2097,3,-,63,egypt,1,,,,,,,,,,,,,,,,,,,,,,,,,,,,,,,,,,,,,,1
tommymiles,3353,2,-,103,nigeria,1,,,,,,,,,,,,,,,,,,,,,,,,,,,,,,,,,,,,,,1
ogundamisi,14428,1,-,111,nigeria|politics-nigeria,1,,,,,,,,,,,,,1,,,,,,,,,,,,,,,,,,,,,,,,,
3arabawy,1578,1,-,97,egypt|egypt-july|egypt-news|egypt2011|egyptfirst,1,,,,,,,,,,,,,,,,,,,,,,,,,,,,,,,,,,,,,,1
2111015,1998,1,-,61,ukraineproua,1,,,,,,,,,,,,,,,,,,,,,,,,,,,,,,,,,,,,,,1
Edourdoo,2819,1,-,44,china-and-china-related,1,,,,,,,,,,,,,,,,,,,,,,,,,,,,,,,,,,,,,,1
JoyceWeiNGO,1377,1,-,42,chinese-activists-ngos,1,,,,,,,,,,,,,,,,,,,,,,,,,,,,,,,,,,,,,,1
MahaMaamoun,1019,1,-,39,egyptfirst,1,,,,,,,,,,,,,,,,,,,,,,,,,,,,,,,,,,,,,,1
NasserIbnHamad,1584,1,-,32,egypt,1,,,,,,,,,,,,,,,,,,,,,,,,,,,,,,,,,,,,,,1
MeraSB,2546,1,-,30,digital-freedom,1,,,,,,,,,,,,,,,,,,,,,,,,,,,,,,,,,,,,,,1
ShaimaStreet,1383,1,-,29,egypt,1,,,,,,,,,,,,,,,,,,,,,,,,,,,,,,,,,,,,,,1
blondiebangui,130,1,-,23,car-rca,1,,,,,,,,,,,,,,,,,,,,,,,,,,,,,,,,,,,,,,1
Wuyelaolaoshi,663,1,-,19,china-and-china-related,1,,,,,,,,,,,,,,,,,,,,,,,,,,,,,,,,,,,,,,1
RealCrimea,566,1,-,18,ukraine,1,,,,,,,,,,,,,,,,,,,,,,,,,,,,,,,,,,,,,,1
spuchatun,420,1,-,18,diplo-missions-new-york|diplomats-missions,1,,,,,,,,,,,,,,,,,,,,,,,,,,,,,,,,,,,,,,1
Raafatology,443,1,-,18,egypt,1,,,,,,,,,,,,,1,,,,,,,,,,,,,,,,,,,,,,,,,
JigmeUgen,135,1,-,14,china,1,,,,,,,,,,,,,,,,,,,,,,,,,,,,,,,,,,,,,,1
Saksith,621,1,-,14,asia-news,1,,,,,,,,,,,,,1,,,,,,,,,,,,,,,,,,,,,,,,,
MickeySunny,396,1,-,4,nigerian-influencers|politics-nigeria,1,,,,,,,,,,,,,1,,,,,,,,,,,,,,,,,,,,,,,,,
BWaiC,322,1,-,2,hong-kong,1,,,,,,,,,,,,,,,,,,,,,,,,,,,,,,,,,,,,,,1
EmanGheyath,1061,1,-,2,egypt,1,,,,,,,,,,,,,,,,,,,,,,,,,,,,,,,,,,,,,,1
mollymhunter,1471,1,ABC News Reporter,52,egypt,1,,,,,,,,,,,,1,,,,,,,,,,,,,,,,,,,,,,,,,,
explosiviolence,2476,4,Action on Armed Violence,184,guns-and-disarmament|weapons,1,,,,,,,,,,,,,,,,,,,,,1,,,,,,,,,,,,,,,,,
Zeinobia,101705,1,activist,1840,egypt|egypt-july|egypt-news|egypt2011|international,1,,,,,,,,,,,,,,,,,,,,,,,,,,,,,,,,,,,,,,1
ImadMesdoua,702,3,Africa Matters Ltd.,37,carcrisis,1,,,,,,,,,,,,,,,,,,,,,,,1,,,,,,,,,,,,,,,
andrewfeinstein,3422,4,African National Congress,132,arms|guns-and-disarmament,1,,,,,,,,,,,,,,,,,,,,,,,,,,,,,,,,,,,,,1,
pacomepaba,441,1,Agence France-Presse,30,car-rca,1,,,,1,,,,,,,,,,,,,,,,,,,,,,,,,,,,,,,,,,
RandaHabib,301,1,Agence France-Presse,17,egypt,1,,,,1,,,,,,,,,,,,,,,,,,,,,,,,,,,,,,,,,,
AnujChopra,385,1,Agence France-Presse,5,hong-kong,1,,,,1,,,,,,,,,,,,,,,,,,,,,,,,,,,,,,,,,,
abdu,2875,1,al Jazeera,192,egypt|egypt2011,1,,,,,1,,,,,,,,,,,,,,,,,,,,,,,,,,,,,,,,,
mmbilal,2498,1,al Jazeera,88,egypt|egypt-journalists,1,,,,,1,,,,,,,,,,,,,,,,,,,,,,,,,,,,,,,,,
azadessa,1500,1,al Jazeera,81,egypt2011,1,,,,,1,,,,,,,,,,,,,,,,,,,,,,,,,,,,,,,,,
AJStream,1914,1,al Jazeera,65,international,1,,,,,1,,,,,,,,,,,,,,,,,,,,,,,,,,,,,,,,,
nazaninemoshiri,696,1,al Jazeera,42,car-crisis|central-african-republic,1,,,,,1,,,,,,,,,,,,,,,,,,,,,,,,,,,,,,,,,
ilariallegro,800,15,Amnesty International,95,car-rca,1,,,,,,,,,,,,,,1,,,,,,,,,,,,,,,,,,,,,,,,
jgmariner,2724,8,Amnesty International,460,car|car-crisis|car-rca|staff,1,,,,,,,,,,,,,,1,,,,,,,,,,,,,,,,,,,,,,,,
Bequelin,581,5,Amnesty International,24,china-and-china-related,1,,,,,,,,,,,,,,1,,,,,,,,,,,,,,,,,,,,,,,,
AnnaNeistat,522,2,Amnesty International,110,crimea-ukraine|ukraine-russia-news,1,,,,,,,,,,,,,,1,,,,,,,,,,,,,,,,,,,,,,,,
amnestyHK,192,2,Amnesty International,11,asia-sources,1,,,,,,,,,,,,,,1,,,,,,,,,,,,,,,,,,,,,,,,
sarahashash,4025,1,Amnesty International,216,egypt|staff,1,,,,,,,,,,,,,,1,,,,,,,,,,,,,,,,,,,,,,,,
AmnestyOnline,7695,1,Amnesty International,191,diplomacy-2-0|our-members,1,,,,,,,,,,,,,,1,,,,,,,,,,,,,,,,,,,,,,,,
amnestyeurope,1244,1,Amnesty International,95,coe-universe,1,,,,,,,,,,,,,,1,,,,,,,,,,,,,,,,,,,,,,,,
marselhagm,325,1,Amnesty International,22,staff,1,,,,,,,,,,,,,,1,,,,,,,,,,,,,,,,,,,,,,,,
WilHMoo,292,4,Arizona State University,8,terrorism-ct-security,1,,,,,,,,,,,,,,,,,,,,,,1,,,,,,,,,,,,,,,,
Article36,240,8,Article36,28,our-members,1,,,,,,,,,,,,,,,,,,,,,1,,,,,,,,,,,,,,,,,
Reem_Khalifa,1322,1,Associated Press,88,egypt2011,1,,,,,,,,,,,,1,,,,,,,,,,,,,,,,,,,,,,,,,,
ASRC1,1771,2,Asylum Seeker Resource Centre,59,diplomacy-2-0,1,,,,,,,,,,,,,,,,,,,,,1,,,,,,,,,,,,,,,,,
tradwan,774,1,Atlantic Council,56,egypt|egypt-news,1,,,,,,,,,,,,,,,,,,,,,,,1,,,,,,,,,,,,,,,
MelissaParkeMP,312,1,Australian Parliament,12,diplomacy-2-0,1,,,,,,,,,,,,,,,,,,,,,,,,,,,,,,,,,,,,,1,
humanrightsaz,532,1,Azerbaijan Political Prisoners,54,coe-universe,1,,,,,,,,,,,,,,,,,,,,,1,,,,,,,,,,,,,,,,,
BahrainRights,814,2,Bahrain Centre for Human Rights,56,egypt2011,1,,,,,,,,,,,,,,,,,,,,,1,,,,,,,,,,,,,,,,,
fulelo,14501,2,BBC,879,euromaidan|ukraine|ukraine-crisis|ukraine-crisis-2014,1,,,,,,1,,,,,,,,,,,,,,,,,,,,,,,,,,,,,,,,
abdujalil,157,2,BBC,4,ukraine,1,,,,,,1,,,,,,,,,,,,,,,,,,,,,,,,,,,,,,,,
kayira2000,1887,1,BBC,62,car-crisis,1,,,,,,1,,,,,,,,,,,,,,,,,,,,,,,,,,,,,,,,
matthewjbell,1399,1,BBC,43,hong-kong,1,,,,,,1,,,,,,,,,,,,,,,,,,,,,,,,,,,,,,,,
EliotHiggins,5725,1,Bellingcat,272,counterterrorism-experts|egypt|egypt2011|ukraine,1,,,,,,,,,,,,1,,,,,,,,,,,,,,,,,,,,,,,,,,
Sheeyahshee,1877,1,Bill of Rights Defence Committee,49,nsa-domestic-spying-best,1,,,,,,,,,,,,,,,,,,,,,1,,,,,,,,,,,,,,,,,
christopherkay,384,2,Bloomberg News,12,nigeria,1,,,,,,,1,,,,,,,,,,,,,,,,,,,,,,,,,,,,,,,
S_Elwardany,10704,1,Bloomberg News,336,egypt|egypt-news|egypt2011,1,,,,,,,1,,,,,,,,,,,,,,,,,,,,,,,,,,,,,,,
BPForumMag,854,1,Building Peace Forum,37,orgs-data-news,1,,,,,,,,,,,,,,,,,,,,,1,,,,,,,,,,,,,,,,,
almuslimi,1015,2,Carnegie Middle East,42,egypt2011,1,,,,,,,,,,,,,,,,,,,,,,,1,,,,,,,,,,,,,,,
cvt_staff,1979,1,Centre for Victims of Torture,84,cia-torture-report,1,,,,,,,,,,,,,,,,,,,,,1,,,,,,,,,,,,,,,,,
Ziya_Meral,1969,3,Centre on Religion and Global Affairs,83,egypt2011,1,,,,,,,,,,,,,,,,,,,,,,,1,,,,,,,,,,,,,,,
CIVICUSalliance,950,4,CIVICUS Alliance,56,euromaidan,1,,,,,,,,,,,,,,,,,,,,,1,,,,,,,,,,,,,,,,,
glynco,502,3,ClubFed,18,nsa-domestic-spying-best,1,,,,,,,,,,,,,,,,,,,,,,,1,,,,,,,,,,,,,,,
bencnn,14857,2,CNN,748,egypt|egypt-2|egypt-july|egypt-news|egypt2011,1,,,,,,,,1,,,,,,,,,,,,,,,,,,,,,,,,,,,,,,
robynleekriel,6879,1,CNN,208,egypt|nigeria,1,,,,,,,,1,,,,,,,,,,,,,,,,,,,,,,,,,,,,,,
tvtomas,488,1,CNN,17,china-and-wsj,1,,,,,,,,1,,,,,,,,,,,,,,,,,,,,,,,,,,,,,,
sarasidnerCNN,452,1,CNN,12,egypt2011,1,,,,,,,,1,,,,,,,,,,,,,,,,,,,,,,,,,,,,,,
cpjmena,324,8,Committee to Protect Journalists,49,egypt,1,,,,,,,,,,,,,,,1,,,,,,,,,,,,,,,,,,,,,,,
pressfreedom,2394,4,Committee to Protect Journalists,246,diplomacy-2-0|int-l-organisations|nsa-domestic-spying-best,1,,,,,,,,,,,,,,,1,,,,,,,,,,,,,,,,,,,,,,,
sherifmnsour,9545,2,Committee to Protect Journalists,417,egypt,1,,,,,,,,,,,,,,,1,,,,,,,,,,,,,,,,,,,,,,,
cpjasia,3981,1,Committee to Protect Journalists,154,china-and-wsj,1,,,,,,,,,,,,,,,1,,,,,,,,,,,,,,,,,,,,,,,
kathilynnaustin,883,1,Conflict Awareness Project,69,conflict-disaster,1,,,,,,,,,,,,,,,,,,,,,1,,,,,,,,,,,,,,,,,
rConflictNews,2419,1,Conflict News,124,egypt|nigeria,1,,,,,,,,,,,,1,,,,,,,,,,,,,,,,,,,,,,,,,,
CooperacionIB,2284,1,CooperacionIB,41,int-l-organisations,1,,,,,,,,,,,,,,,,,,,,,1,,,,,,,,,,,,,,,,,
Cordaid,2430,3,Cordaid,50,orgs-data-news,1,,,,,,,,,,,,,,,,,,,,,1,,,,,,,,,,,,,,,,,
mahennessey1,560,2,Council of Europe,13,coe-universe,1,,,,,,,,,,,,,,,,,,,,,,,,1,,,,,,,,,,,,,,
LiriKopaci,315,2,Council of Europe,11,coe-universe,1,,,,,,,,,,,,,,,,,,,,,,,,1,,,,,,,,,,,,,,
fustat,3575,4,Cyprus Mail,147,egypt,1,,,,,,,,,,,,1,,,,,,,,,,,,,,,,,,,,,,,,,,
leloveluck,16064,1,Daily Telegraph,810,egypt|egypt-correspondents|egypt-news,1,,,,,,,,,,,,1,,,,,,,,,,,,,,,,,,,,,,,,,,
borismatous,2738,42,Doctors Without Borders,454,car-crisis|car-rca,1,,,,,,,,,,,,,,,,,1,,,,,,,,,,,,,,,,,,,,,
m_sosz,300,10,Doctors without Borders,28,car-rca,1,,,,,,,,,,,,,,,,,1,,,,,,,,,,,,,,,,,,,,,
KasperAgger,756,4,Enough Project,70,car-rca,1,,,,,,,,,,,,,,,,,,,1,,,,,,,,,,,,,,,,,,,
LedioCakaj,1454,1,Enough Project,152,car|car-crisis,1,,,,,,,,,,,,,,,,,,,1,,,,,,,,,,,,,,,,,,,
eu_echo,5796,2,EU Humanitarian Aid,343,diplomacy-2-0|eu-instititutions,1,,,,,,,,,,,,,,,,,,,,,,,,1,,,,,,,,,,,,,,
acarvin,10324,2,First Look Media,255,egypt|egypt-journalists,1,,,,,,,,,,,,1,,,,,,,,,,,,,,,,,,,,,,,,,,
c_h_w_b,1013,1,Frankfurter Allgemeine Zeitung,14,sports,1,,,,,,,,,,,,1,,,,,,,,,,,,,,,,,,,,,,,,,,
tres_hoa,7722,1,George Mason University,298,car-crisis|nigeria,1,,,,,,,,,,,,,,,,,,,,,,1,,,,,,,,,,,,,,,,
ecinqmars,1956,30,Global Centre for the Responsibility to Protect,282,car|car-crisis,1,,,,,,,,,,,,,,,,,,1,,,,,,,,,,,,,,,,,,,,
GCR2P,743,14,Global Centre for the Responsibility to Protect,78,conflict-disaster,1,,,,,,,,,,,,,,,,,,1,,,,,,,,,,,,,,,,,,,,
ICRtoP,744,7,Global Centre for the Responsibility to Protect,105,orgs-data-news,1,,,,,,,,,,,,,,,,,,1,,,,,,,,,,,,,,,,,,,,
PhilCalvert2,528,1,Government of Canada,14,diplomats-missions,1,,,,,,,,,,,,,,,,,,,,,,,,,,,,,,,,,,,,,1,
EdariFi,806,5,Government of Finland,14,parliaments,1,,,,,,,,,,,,,,,,,,,,,,,,,,,,,,,,,,,,1,,
franceonu,4973,4,Government of France,168,diplo-missions-new-york|diplomacy-2-0|diplomatic-missions-to-un|diplomats-missions,1,,,,,,,,,,,,,,,,,,,,,,,,,,,,,,,,,,,,1,,
GerardAraud,2295,1,Government of France,95,diplomacy-2-0|diplomats-missions,1,,,,,,,,,,,,,,,,,,,,,,,,,,,,,,,,,,,,,1,
FranceBangui,109,1,Government of France,26,car-rca|diplomats-missions,1,,,,,,,,,,,,,,,,,,,,,,,,,,,,,,,,,,,,1,,
nawafasalam,227,1,Government of Lebanon,23,diplo-missions-new-york|diplomats-missions,1,,,,,,,,,,,,,,,,,,,,,,,,,,,,,,,,,,,,,1,
PRLTUN,1293,20,Government of Lithuania,90,diplo-missions-new-york|diplomats-missions,1,,,,,,,,,,,,,,,,,,,,,,,,,,,,,,,,,,,,,1,
CNkulikiyinka,480,2,Government of Rwanda,15,diplomats-missions,1,,,,,,,,,,,,,,,,,,,,,,,,,,,,,,,,,,,,,1,
SwedeninCZ,704,1,Government of Sweden,22,diplomats-missions,1,,,,,,,,,,,,,,,,,,,,,,,,,,,,,,,,,,,,1,,
MAHAMATGAMAR,1998,2,Government of the Central African Republic,49,car-rca,1,,,,,,,,,,,,,,,,,,,,,,,,,,,,,,,,,,,,,1,
susanblankhart,442,1,Government of the Netherlands,30,diplomats-missions,1,,,,,,,,,,,,,,,,,,,,,,,,,,,,,,,,,,,,,1,
benllewellynjo1,689,2,Government of the United Kingdom,29,nigeria,1,,,,,,,,,,,,,,,,,,,,,,,,,,,,,,,,,,,,,1,
FCOMattBaugh,1987,1,Government of the United Kingdom,92,diplomats-missions,1,,,,,,,,,,,,,,,,,,,,,,,,,,,,,,,,,,,,,1,
SergiyKyslytsya,186,1,Government of Ukraine,8,ukraine-russia-news,1,,,,,,,,,,,,,,,,,,,,,,,,,,,,,,,,,,,,,1,
albertcarames,2388,4,Group for Research and Information on Peace and Security,110,car-crisis|central-african-republic,1,,,,,,,,,,,,,,,,,,,,,1,,,,,,,,,,,,,,,,,
AsafRonel,1896,2,Haaretz,70,egypt,1,,,,,,,,,,,,1,,,,,,,,,,,,,,,,,,,,,,,,,,
aheartforafrica,4246,1,Heart for Africa,336,egypt|nigeria,1,,,,,,,,,,,,,,,,,,,,,,,,,,,,,,,,,,,,,,1
MaximEristavi,5972,1,Hromadske,250,crimea-ukraine|euromaidan|ukraine|ukraine-crisis|ukraine-crisis-2014|ukraine-on-ground|ukraine-resources,1,,,,,,,,,,,,1,,,,,,,,,,,,,,,,,,,,,,,,,,
PCHannon,356,3,Hudson Institute,26,ccw-may-2014,1,,,,,,,,,,,,,,,,,,,,,,,1,,,,,,,,,,,,,,,
husainhaqqani,507,3,Hudson Institute,13,diplomacy-2-0,1,,,,,,,,,,,,,,,,,,,,,,,1,,,,,,,,,,,,,,,
MarieLamensch84,1227,1,Huffington Post,71,conflandsec-contributors,1,,,,,,,,,,,,1,,,,,,,,,,,,,,,,,,,,,,,,,,
FlorianIrminger,846,1,Human Rights House Foundation,53,coe-universe,1,,,,,,,,,,,,,,,,,,,,,1,,,,,,,,,,,,,,,,,
hrw,47541,178,Human Rights Watch,3779,cia-torture-report|eurongo|int-l-organisations|orgs-data-news|our-members|weapons,1,,1,,,,,,,,,,,,,,,,,,,,,,,,,,,,,,,,,,,,
sarahleah1,4262,76,Human Rights Watch,388,egypt,1,,1,,,,,,,,,,,,,,,,,,,,,,,,,,,,,,,,,,,,
astroehlein,5714,28,Human Rights Watch,673,car|ukraine,1,,1,,,,,,,,,,,,,,,,,,,,,,,,,,,,,,,,,,,,
hrw_fr,2785,28,Human Rights Watch,244,int-l-organisations,1,,1,,,,,,,,,,,,,,,,,,,,,,,,,,,,,,,,,,,,
KenRoth,1385,13,Human Rights Watch,274,egypt|hong-kong,1,,1,,,,,,,,,,,,,,,,,,,,,,,,,,,,,,,,,,,,
Giorgi_Gogia,390,10,Human Rights Watch,59,coe-universe,1,,1,,,,,,,,,,,,,,,,,,,,,,,,,,,,,,,,,,,,
wang_maya,586,7,Human Rights Watch,29,china-and-wsj,1,,1,,,,,,,,,,,,,,,,,,,,,,,,,,,,,,,,,,,,
bouckap,2381,6,Human Rights Watch,496,car|car-crisis|car-rca|egypt2011,1,,1,,,,,,,,,,,,,,,,,,,,,,,,,,,,,,,,,,,,
OleSolvang,426,5,Human Rights Watch,69,weapons,1,,1,,,,,,,,,,,,,,,,,,,,,,,,,,,,,,,,,,,,
MiaFarrow,376,5,Human Rights Watch,28,sports,1,,1,,,,,,,,,,,,,,,,,,,,,,,,,,,,,,,,,,,,
SteveDGoose,16,4,Human Rights Watch,2,ccw-may-2014,1,,1,,,,,,,,,,,,,,,,,,,,,,,,,,,,,,,,,,,,
marywareham,15372,2,Human Rights Watch,1386,arms|arms-control|ccw-may-2014|guns-and-disarmament|weapons|women,1,,1,,,,,,,,,,,,,,,,,,,,,,,,,,,,,,,,,,,,
ErinHRW,718,2,Human Rights Watch,96,egypt,1,,1,,,,,,,,,,,,,,,,,,,,,,,,,,,,,,,,,,,,
marcusbleasdale,824,2,Human Rights Watch,50,car|car-crisis,1,,1,,,,,,,,,,,,,,,,,,,,,,,,,,,,,,,,,,,,
TamaraAlrifai,463,2,Human Rights Watch,44,egypt,1,,1,,,,,,,,,,,,,,,,,,,,,,,,,,,,,,,,,,,,
Laurapitter,171,2,Human Rights Watch,24,cia-torture-report,1,,1,,,,,,,,,,,,,,,,,,,,,,,,,,,,,,,,,,,,
SophieHRW,5171,1,Human Rights Watch,305,china-and-china-related|hong-kong,1,,1,,,,,,,,,,,,,,,,,,,,,,,,,,,,,,,,,,,,
LewisMudge,84,1,Human Rights Watch,21,car-rca,1,,1,,,,,,,,,,,,,,,,,,,,,,,,,,,,,,,,,,,,
andreaprasow,107,1,Human Rights Watch,12,cia-torture-report,1,,1,,,,,,,,,,,,,,,,,,,,,,,,,,,,,,,,,,,,
HumOutcomes,1028,1,Humanitarian Outcomes,78,orgs-data-news,1,,,,,,,,,,,,,,,,,,,,,,,1,,,,,,,,,,,,,,,
LilianneFan,2001,1,Humanitarian Policy Group,108,asia-news,1,,,,,,,,,,,,,,,,,,,,,1,,,,,,,,,,,,,,,,,
asteris,1948,20,Independent journalist,90,egypt|euromaidan,1,,,,,,,,,,,,,1,,,,,,,,,,,,,,,,,,,,,,,,,
monaeltahawy,21344,6,Independent journalist,978,egypt|egypt-2|egypt-journalists|international,1,,,,,,,,,,,,,1,,,,,,,,,,,,,,,,,,,,,,,,,
Nadiaglory,31170,6,Independent journalist,645,egypt|egypt-journalists|egypt-july|egypt2011,1,,,,,,,,,,,,,1,,,,,,,,,,,,,,,,,,,,,,,,,
ganobi,1427,6,Independent journalist,72,egypt,1,,,,,,,,,,,,,1,,,,,,,,,,,,,,,,,,,,,,,,,
HannahMcNeish,659,4,Independent journalist,66,car-crisis,1,,,,,,,,,,,,,1,,,,,,,,,,,,,,,,,,,,,,,,,
JNovak_Yemen,895,3,Independent journalist,38,egypt2011,1,,,,,,,,,,,,,1,,,,,,,,,,,,,,,,,,,,,,,,,
ClancyReports,10102,2,Independent journalist,132,egypt-journalists,1,,,,,,,,,,,,,1,,,,,,,,,,,,,,,,,,,,,,,,,
IlariaMariaSala,1592,2,Independent journalist,29,china-sources,1,,,,,,,,,,,,,1,,,,,,,,,,,,,,,,,,,,,,,,,
JamesPiotr,1957,2,Independent journalist,26,egypt|egypt-july,1,,,,,,,,,,,,,1,,,,,,,,,,,,,,,,,,,,,,,,,
RenaNetjes,16560,1,Independent journalist,695,egypt|egypt-journalists,1,,,,,,,,,,,,,1,,,,,,,,,,,,,,,,,,,,,,,,,
Nervana_1,14718,1,Independent journalist,583,egypt|egypt-2,1,,,,,,,,,,,,,1,,,,,,,,,,,,,,,,,,,,,,,,,
TomWRollins,11768,1,Independent journalist,565,egypt|egypt-correspondents|egypt-news|egypt2011,1,,,,,,,,,,,,,1,,,,,,,,,,,,,,,,,,,,,,,,,
RanaMuhTaha,2511,1,Independent journalist,105,egypt,1,,,,,,,,,,,,,1,,,,,,,,,,,,,,,,,,,,,,,,,
JamesCopnall,2059,1,Independent journalist,98,egypt2011,1,,,,,,,,,,,,,1,,,,,,,,,,,,,,,,,,,,,,,,,
MaryFitzger,2030,1,Independent journalist,96,international,1,,,,,,,,,,,,,1,,,,,,,,,,,,,,,,,,,,,,,,,
michaeldweiss,1953,1,Independent journalist,64,egypt2011,1,,,,,,,,,,,,,1,,,,,,,,,,,,,,,,,,,,,,,,,
terischultz,2096,1,Independent journalist,58,epinquiry,1,,,,,,,,,,,,,1,,,,,,,,,,,,,,,,,,,,,,,,,
edwardedark,1200,1,Independent journalist,50,egypt2011,1,,,,,,,,,,,,,1,,,,,,,,,,,,,,,,,,,,,,,,,
willswanson,700,1,Independent journalist,47,car-crisis,1,,,,,,,,,,,,,1,,,,,,,,,,,,,,,,,,,,,,,,,
Abdurrahmanezz,2413,1,Independent journalist,38,egypt,1,,,,,,,,,,,,,1,,,,,,,,,,,,,,,,,,,,,,,,,
Run_Rana,840,1,Independent journalist,30,egypt,1,,,,,,,,,,,,,1,,,,,,,,,,,,,,,,,,,,,,,,,
NinaTeggarty,397,1,Independent journalist,20,asia-news,1,,,,,,,,,,,,,1,,,,,,,,,,,,,,,,,,,,,,,,,
emilie108,208,1,Independent journalist,15,car-rca,1,,,,,,,,,,,,,1,,,,,,,,,,,,,,,,,,,,,,,,,
olatzarrietab,660,1,Independent journalist,10,ukraine-crisis,1,,,,,,,,,,,,,1,,,,,,,,,,,,,,,,,,,,,,,,,
glynmoody,291,1,Independent journalist,8,nsa,1,,,,,,,,,,,,,1,,,,,,,,,,,,,,,,,,,,,,,,,
stephipster,595,1,Independent journalist,7,asia-news,1,,,,,,,,,,,,,1,,,,,,,,,,,,,,,,,,,,,,,,,
iyad_elbaghdadi,8385,2,independent researcher,343,egypt|egypt2011,1,,,,,,,,,,,,,,,,,,,,,,,1,,,,,,,,,,,,,,,
IndexCensorship,1020,1,Index on Censorship,73,digital-freedom,1,,,,,,,,,,,,,,,,,,,,,1,,,,,,,,,,,,,,,,,
priyanica,5334,2,Institute for Human Rights and Business,464,egypt,1,,,,,,,,,,,,,,,,,,,,,,,1,,,,,,,,,,,,,,,
issafrica,258,1,Institute for Security Studies,4,diplomacy-2-0|orgs-data-news,1,,,,,,,,,,,,,,,,,,,,,,,1,,,,,,,,,,,,,,,
InterActionOrg,1284,1,Inter Action,64,orgs-data-news,1,,,,,,,,,,,,,,,,,,,,,1,,,,,,,,,,,,,,,,,
Nico_Antonini,586,2,International Committee of the Red Cross,67,car-rca,1,,,,,,,,,,,,,,,,,,,,,1,,,,,,,,,,,,,,,,,
CrisisGroup,8680,1,International Crisis Group,627,arms|conflict-disaster|diplomacy-2-0|european-int-orgs|orgs-data-news,1,,,,,,,,,,,,,,,,,,,,,,,1,,,,,,,,,,,,,,,
FlorentGEEL,1088,1,International Federation for Human Rights,121,car-rca,1,,,,,,,,,,,,,,,,,,,,,1,,,,,,,,,,,,,,,,,
IOM_news,1872,2,International Office for Migration,136,diplomacy-2-0|int-l-organisations,1,,,,,,,,,,,,,,,,,,,,,,,,,1,,,,,,,,,,,,,
iainoverton,2106,2,International Office for Migration,79,guns-and-disarmament,1,,,,,,,,,,,,,,,,,,,,,,,,,1,,,,,,,,,,,,,
IOMatUN,3402,1,International Office for Migration,250,diplo-missions-new-york|diplomacy-2-0|diplomats-missions,1,,,,,,,,,,,,,,,,,,,,,,,,,1,,,,,,,,,,,,,
Peter_Biro,1010,1,International Rescue Committee,108,egypt|nigeria,1,,,,,,,,,,,,,,,,,,,,,1,,,,,,,,,,,,,,,,,
WritesRights,2003,5,Jadaliyya,150,staff,1,,,,,,,,,,,,,,,,,,,,,,,1,,,,,,,,,,,,,,,
vincentduhem,2382,2,Jeune Afrique,174,car|car-rca,1,,,,,,,,,,,,1,,,,,,,,,,,,,,,,,,,,,,,,,,
lastradainterna,802,1,La Strada International,28,eurongo,1,,,,,,,,,,,,,,,,,,,,,1,,,,,,,,,,,,,,,,,
ibnkafka,4736,1,lawyer,206,egypt,1,,,,,,,,,,,,,,,,,,,,,,,,,,,,,,,,,,,,,,1
RJDH_RCA,1383,49,Le Réseau des Journalistes pour les Droits de l'Homme,73,car-rca,1,,,,,,,,,,,,,,,,1,,,,,,,,,,,,,,,,,,,,,,
ThierKhon,1262,26,Le Réseau des Journalistes pour les Droits de l'Homme,108,car-crisis|central-african-republic,1,,,,,,,,,,,,,,,,1,,,,,,,,,,,,,,,,,,,,,,
Noy_Official,1001,29,LIV Foundation,105,car|nigeria,1,,,,,,,,,,,,,,,,,,,,,1,,,,,,,,,,,,,,,,,
kemc,4631,1,Massachusetts Institute of Technology,148,asia-news|china|china-and-china-related|china-and-wsj,1,,,,,,,,,,,,,,,,,,,,,,1,,,,,,,,,,,,,,,,
OmanReagan,1627,4,Memorial University of Newfoundland,26,privacy-surveillance,1,,,,,,,,,,,,,,,,,,,,,,1,,,,,,,,,,,,,,,,
MinesActionCan,819,1,Mines Action Canada,81,arms-control|our-members|weapons,1,,,,,,,,,,,,,,,,,,,,1,,,,,,,,,,,,,,,,,,
erinlynnhunt,383,1,Mines Action Canada,25,women,1,,,,,,,,,,,,,,,,,,,,1,,,,,,,,,,,,,,,,,,
CornerDSRSG,396,3,MINUSCA,82,car-rca|diplomats-missions,1,,,,,,,,,,,,,,,,,,,,,,,,,,,,,,,,,,,1,,,
Elizrael,513,1,Molad,27,egypt2011,1,,,,,,,,,,,,,,,,,,,,,1,,,,,,,,,,,,,,,,,
ziguele,4350,2,Mouvement de Libération du Peuple Centreafricain,77,car-rca,1,,,,,,,,,,,,,,,,,,,,,,,,,,,,,,,,,,,,,1,
JBKtweets,1034,9,Mouvement de l’Evolution Sociale de l’Afrique Noire,101,car-rca,1,,,,,,,,,,,,,,,,,,,,,,,,,,,,,,,,,,,,,1,
Ikhwanweb,29419,1,Muslim Brotherhood,1225,egypt|egypt-july|egypt-news|egypt2011|egyptfirst,1,,,,,,,,,,,,,,,,,,,,,,,,,,,,,,,,,,,,,,1
MyanmarWatch,815,1,Myanmar Watch,35,asia-news,1,,,,,,,,,,,,,,,,,,,,,1,,,,,,,,,,,,,,,,,
MarrietS,662,1,NATO,31,diplomats-missions,1,,,,,,,,,,,,,,,,,,,,,,,,,,1,,,,,,,,,,,,
netizenrights,6399,2,Netizen Rights,233,digital-freedom|web-surveillance-privacy,1,,,,,,,,,,,,,,,,,,,,,,,,,,,,,,,,,,,,,,1
schneiderhome,1012,1,New African Magazine,66,car-crisis,1,,,,,,,,,,,,1,,,,,,,,,,,,,,,,,,,,,,,,,,
kfahim,14945,1,New York Times,960,egypt|egypt-correspondents|egypt-journalists|egypt-july|egypt-news|egypt2011,1,,,,,,,,,1,,,,,,,,,,,,,,,,,,,,,,,,,,,,,
CeylanWrites,1237,1,New York Times,42,egypt2011,1,,,,,,,,,1,,,,,,,,,,,,,,,,,,,,,,,,,,,,,
AkyolinEnglish,354,1,New York Times,21,egypt2011,1,,,,,,,,,1,,,,,,,,,,,,,,,,,,,,,,,,,,,,,
jphdedieu,700,12,New York University,68,carcrisis,1,,,,,,,,,,,,,,,,,,,,,,1,,,,,,,,,,,,,,,,
Brent_Huffman,18584,1,Northwestern University,284,china-and-china-related,1,,,,,,,,,,,,,,,,,,,,,,1,,,,,,,,,,,,,,,,
ONLINEBAHRAIN,558,4,Online Bahrain,23,egypt2011,1,,,,,,,,,,,,,,,,,,,,,,,,,,,,,,,,,,,,,,1
OpenSociety,2371,3,Open Society Foundations,96,cia-torture-report,1,,,,,,,,,,,,,,,,,,,,,1,,,,,,,,,,,,,,,,,
mikoqp,216,1,Open Society Initiative,6,nigeria,1,,,,,,,,,,,,,,,,,,,,,1,,,,,,,,,,,,,,,,,
OSCE_RFoM,574,4,OSCE,36,coe-universe,1,,,,,,,,,,,,,,,,,,,,,,,,,,,1,,,,,,,,,,,
PhChapleau,87,1,Ouest-France,4,car-crisis,1,,,,,,,,,,,,1,,,,,,,,,,,,,,,,,,,,,,,,,,
ButcherMartin,3792,4,Oxfam Novib,231,conflict-disaster|international,1,,,,,,,,,,,,,,,,,,,,,1,,,,,,,,,,,,,,,,,
Abu_Aaid,580,1,Path Solicitors,15,nigeria,1,,,,,,,,,,,,,,,,,,,,,,,,,,,,,,,,,,,,,,1
FrankSlijper,507,1,PAX,49,ccw-may-2014,1,,,,,,,,,,,,,,,,,,,,,1,,,,,,,,,,,,,,,,,
jamesbuck,502,1,PBS,15,egypt,1,,,,,,,,,,,,1,,,,,,,,,,,,,,,,,,,,,,,,,,
PSFundersGroup,367,1,Peace and Security Funders Group,11,peacebuilding,1,,,,,,,,,,,,,,,,,,,,,1,,,,,,,,,,,,,,,,,
NisatPrio,492,2,Peace Research Institute Oslo,25,orgs-data-news,1,,,,,,,,,,,,,,,,,,,,,,,1,,,,,,,,,,,,,,,
hdonossio,3606,1,Radio France Internationale,130,car-crisis|car-rca,1,,,,,,,,,,,,1,,,,,,,,,,,,,,,,,,,,,,,,,,
RCW_,1124,1,Reaching Critical Will,100,arms|arms-control|our-members|weapons,1,,,,,,,,,,,,,,,,,,,,,1,,,,,,,,,,,,,,,,,
Pol_Sec_Analyst,2946,6,red24,251,nigeria,1,,,,,,,,,,,,,,,,,,,,,1,,,,,,,,,,,,,,,,,
RSF_Europe,1567,1,Reporters without Borders,88,coe-universe|ukraine-crisis,1,,,,,,,,,,,,,,,,,,,,,1,,,,,,,,,,,,,,,,,
justinforsyth,1458,1,Save the Children,36,car-crisis|central-african-republic,1,,,,,,,,,,,,,,,,,,,,,1,,,,,,,,,,,,,,,,,
SAMonitorOrg,288,1,Security Assistance Monitor,12,orgs-data-news,1,,,,,,,,,,,,,,,,,,,,,,,1,,,,,,,,,,,,,,,
AMneina,1008,2,Shabab Libya,52,egypt2011,1,,,,,,,,,,,,,,,,,,,,,,,,,,,,,,,,,,,,,,1
ShababLibya,996,2,Shabab Libya,46,egypt2011|international,1,,,,,,,,,,,,,,,,,,,,,,,,,,,,,,,,,,,,,,1
_amroali,4662,1,Sydney University,246,egypt|egypt-news,1,,,,,,,,,,,,,,,,,,,,,,1,,,,,,,,,,,,,,,,
Kon__K,2193,1,The Asylum Seeker Resource Centre,49,diplomacy-2-0,1,,,,,,,,,,,,,,,,,,,,,1,,,,,,,,,,,,,,,,,
murdochsj,6155,1,The Australian,42,china-and-wsj|china-sources,1,,,,,,,,,,,,1,,,,,,,,,,,,,,,,,,,,,,,,,,
drmahmoudrefaat,182,3,The European Institute for International Law and International Relations,5,egypt,1,,,,,,,,,,,,,,,,,,,,,,,1,,,,,,,,,,,,,,,
theICTJ,692,1,The International Center for Transitional Justice,51,orgs-data-news,1,,,,,,,,,,,,,,,,,,,,,1,,,,,,,,,,,,,,,,,
Tonyblair_TBFF,392,2,The Office of Tony Blair,5,diplomacy-2-0,1,,,,,,,,,,,,,,,,,,,,,,,,,,,,,,,,,,,,,1,
tonyblairoffice,70,1,The Office of Tony Blair,2,diplomacy-2-0,1,,,,,,,,,,,,,,,,,,,,,,,,,,,,,,,,,,,,,1,
TheProjectCAR,4214,14,The Project CAR,686,car|car-crisis|car-rca,1,,,,,,,,,,,,1,,,,,,,,,,,,,,,,,,,,,,,,,,
BateFelix,1434,1,Thomson Reuters,88,car-crisis|nigeria,1,,,,,,,,,,1,,,,,,,,,,,,,,,,,,,,,,,,,,,,
DanFlynnReuters,245,1,Thomson Reuters,29,nigeria,1,,,,,,,,,,1,,,,,,,,,,,,,,,,,,,,,,,,,,,,
i3atef,1138,1,Thomson Reuters,23,egypt,1,,,,,,,,,,1,,,,,,,,,,,,,,,,,,,,,,,,,,,,
shephardm,1438,1,Toronto Star,58,egypt2011,1,,,,,,,,,,,,1,,,,,,,,,,,,,,,,,,,,,,,,,,
chopkickpunch,1370,1,TVB Pearl News,26,hong-kong,1,,,,,,,,,,,,1,,,,,,,,,,,,,,,,,,,,,,,,,,
UN,4492,2,United Nations,250,diplo-missions-new-york|diplomacy-2-0|diplomatic-missions-to-un|european-int-orgs|int-l-organisations,1,,,,,,,,,,,,,,,,,,,,,,,,,,,,1,,,,,,,,,,
UN_CAR,788,1,United Nations,132,car-crisis|car-rca,1,,,,,,,,,,,,,,,,,,,,,,,,,,,,,,,,,,,1,,,
UNGeneva,2140,1,United Nations,128,coe-universe|diplomacy-2-0|int-l-organisations,1,,,,,,,,,,,,,,,,,,,,,,,,,,,,1,,,,,,,,,,
UNDevelopPolicy,942,2,UN DESA,42,int-l-organisations,1,,,,,,,,,,,,,,,,,,,,,,,,,,,,,,,,,,,1,,,
FAOemergencies,1473,2,UN FAO,55,int-l-organisations,1,,,,,,,,,,,,,,,,,,,,,,,,,,,,,,,,,,1,,,,
FAOKnowledge,13002,1,UN FAO,178,int-l-organisations,1,,,,,,,,,,,,,,,,,,,,,,,,,,,,,,,,,,1,,,,
RightsPortal,120,2,UN HRBA,18,int-l-organisations,1,,,,,,,,,,,,,,,,,,,,,,,,,,,,,,,,,,,1,,,
OCHA_CAR,371,9,UN OCHA,89,car-rca,1,,,,,,,,,,,,,,,,,,,,,,,,,,,,,,,1,,,,,,,
UNOCHA,1138,3,UN OCHA,85,int-l-organisations,1,,,,,,,,,,,,,,,,,,,,,,,,,,,,,,,1,,,,,,,
reliefweb,366,2,UN OCHA,40,int-l-organisations,1,,,,,,,,,,,,,,,,,,,,,,,,,,,,,,,1,,,,,,,
UNOPS,471,1,UN OPS,31,int-l-organisations,1,,,,,,,,,,,,,,,,,,,,,,,,,,,,,,,,,,,1,,,
childreninwar,1258,2,UN Special Rapporteur,110,diplomacy-2-0|int-l-organisations,1,,,,,,,,,,,,,,,,,,,,,,,,,,,,,,,,,,,1,,,
tobylanzer,250,3,UNDP,26,int-l-organisations,1,,,,,,,,,,,,,,,,,,,,,,,,,,,,,,,,,1,,,,,
UNDP,13380,2,UNDP,306,diplomacy-2-0|int-l-organisations|orgs-data-news,1,,,,,,,,,,,,,,,,,,,,,,,,,,,,,,,,,1,,,,,
UNDPEurasia,10997,1,UNDP,242,european-int-orgs|int-l-organisations,1,,,,,,,,,,,,,,,,,,,,,,,,,,,,,,,,,1,,,,,
ARAGhandour,1039,1,UNDP,48,int-l-organisations,1,,,,,,,,,,,,,,,,,,,,,,,,,,,,,,,,,1,,,,,
UNDPAfrica,444,1,UNDP Africa,34,nigeria,1,,,,,,,,,,,,,,,,,,,,,,,,,,,,,,,,,1,,,,,
Refugees,79644,10,UNHCR,610,diplomacy-2-0|int-l-organisations,1,,,,,,,,,,,,,,,,,,,,,,,,,,,,,,1,,,,,,,,
DaliaALACHI,1784,9,UNHCR,258,car|car-rca,1,,,,,,,,,,,,,,,,,,,,,,,,,,,,,,1,,,,,,,,
UNHCRUK,1616,8,UNHCR,96,int-l-organisations,1,,,,,,,,,,,,,,,,,,,,,,,,,,,,,,1,,,,,,,,
UNHCRdc,5741,4,UNHCR,344,diplomats-missions|int-l-organisations,1,,,,,,,,,,,,,,,,,,,,,,,,,,,,,,1,,,,,,,,
Le_HCR,2015,4,UNHCR,142,int-l-organisations,1,,,,,,,,,,,,,,,,,,,,,,,,,,,,,,1,,,,,,,,
UNrefugees,9120,2,UNHCR,319,int-l-organisations,1,,,,,,,,,,,,,,,,,,,,,,,,,,,,,,1,,,,,,,,
dana_hughes,1250,1,UNHCR,68,international,1,,,,,,,,,,,,,,,,,,,,,,,,,,,,,,1,,,,,,,,
UNHCR_Arabic,563,1,UNHCR,46,int-l-organisations,1,,,,,,,,,,,,,,,,,,,,,,,,,,,,,,1,,,,,,,,
UNHCRMalta,795,1,UNHCR,43,int-l-organisations,1,,,,,,,,,,,,,,,,,,,,,,,,,,,,,,1,,,,,,,,
ACNURBrasil,357,1,UNHCR,28,int-l-organisations,1,,,,,,,,,,,,,,,,,,,,,,,,,,,,,,1,,,,,,,,
UNICEF_CAR,696,17,UNICEF,160,car|car-crisis|car-rca|central-african-republic,1,,,,,,,,,,,,,,,,,,,,,,,,,,,,,1,,,,,,,,,
ld4children,2552,2,UNICEF,166,car-crisis,1,,,,,,,,,,,,,,,,,,,,,,,,,,,,,1,,,,,,,,,
UNICEFLive,4375,1,UNICEF,75,int-l-organisations,1,,,,,,,,,,,,,,,,,,,,,,,,,,,,,1,,,,,,,,,
UNICEFBELGIQUE,676,1,UNICEF,41,int-l-organisations,1,,,,,,,,,,,,,,,,,,,,,,,,,,,,,1,,,,,,,,,
UNICEFBELGIE,1413,1,UNICEF,37,int-l-organisations,1,,,,,,,,,,,,,,,,,,,,,,,,,,,,,1,,,,,,,,,
UN_News_Centre,718,1,United Nations,51,diplomacy-2-0|int-l-organisations|orgs-data-news,1,,,,,,,,,,,,,,,,,,,,,,,,,,,,1,,,,,,,,,,
UNinBrussels,881,1,United Nations,46,int-l-organisations,1,,,,,,,,,,,,,,,,,,,,,,,,,,,,1,,,,,,,,,,
UNASanDiego,272,1,United Nations Association,17,int-l-organisations,1,,,,,,,,,,,,,,,,,,,,,1,,,,,,,,,,,,,,,,,
UNIC_Jakarta,295,2,United Nations Information Centre,22,int-l-organisations,1,,,,,,,,,,,,,,,,,,,,,,,,,,,,,,,,,,,1,,,
unicpretoria,167,1,United Nations Information Centre,6,int-l-organisations,1,,,,,,,,,,,,,,,,,,,,,,,,,,,,,,,,,,,1,,,
horia_victor,1680,1,University of Bordeaux,33,ukraine,1,,,,,,,,,,,,,,,,,,,,,,1,,,,,,,,,,,,,,,,
AbouHussein7,236,1,University of Edingburgh,7,egypt,1,,,,,,,,,,,,,,,,,,,,,,1,,,,,,,,,,,,,,,,
LidskyLidsky,273,1,University of Florida,2,media-technology,1,,,,,,,,,,,,,,,,,,,,,,1,,,,,,,,,,,,,,,,
GBLee,817,1,University of Lyon,27,china-and-china-related,1,,,,,,,,,,,,,,,,,,,,,,1,,,,,,,,,,,,,,,,
limlouisa,21386,1,University of Michigan,270,asia-news|china|hong-kong,1,,,,,,,,,,,,,,,,,,,,,,1,,,,,,,,,,,,,,,,
willybach2011,2011,8,University of Queensland,59,nsa-domestic-spying-best,1,,,,,,,,,,,,,,,,,,,,,,1,,,,,,,,,,,,,,,,
ntbowdoin,311,2,University of South Carolina,76,car,1,,,,,,,,,,,,,,,,,,,,,,1,,,,,,,,,,,,,,,,
ACLEDINFO,374,3,University of Sussex,40,orgs-data-news,1,,,,,,,,,,,,,,,,,,,,,,1,,,,,,,,,,,,,,,,
DGisSERIOUS,1615,3,Vice,63,car,1,,,,,,,,,,,,1,,,,,,,,,,,,,,,,,,,,,,,,,,
RemcoAnd,392,1,Volkskrant,27,egypt,1,,,,,,,,,,,,1,,,,,,,,,,,,,,,,,,,,,,,,,,
MatinaStevis,867,2,Wall Street Journal,33,china-and-wsj,1,,,,,,,,,,,1,,,,,,,,,,,,,,,,,,,,,,,,,,,
drewfhinshaw,997,1,Wall Street Journal,33,nigeria,1,,,,,,,,,,,1,,,,,,,,,,,,,,,,,,,,,,,,,,,
WFP_FR,532,1,World Food Programme,44,int-l-organisations,1,,,,,,,,,,,,,,,,,,,,,,,,,,,,,,,,1,,,,,,
WFP,1361,6,World Food Programme,94,diplomacy-2-0|int-l-organisations,1,,,,,,,,,,,,,,,,,,,,,,,,,,,,,,,,1,,,,,,
WFP_Africa,815,2,World Food Programme,87,egypt|int-l-organisations|nigeria,1,,,,,,,,,,,,,,,,,,,,,,,,,,,,,,,,1,,,,,,
WFP_WAfrica,570,1,World Food Programme,74,int-l-organisations|nigeria,1,,,,,,,,,,,,,,,,,,,,,,,,,,,,,,,,1,,,,,,
WFP_Students,2226,1,World Food Programme,46,int-l-organisations,1,,,,,,,,,,,,,,,,,,,,,,,,,,,,,,,,1,,,,,,
Julia_Famularo,1297,4,Yale University,34,china-and-china-related,1,,,,,,,,,,,,,,,,,,,,,,1,,,,,,,,,,,,,,,,
,,,,,,,,,,,,,,,,,,,,,,,,,,,,,,,,,,,,,,,,,,,,
,,,,,,288,,,,,,,,,,,,,,,,,,,,,,,,,,,,,,,,,,,,,,
